pair_index	roi_id	roi_start	roi_end	roi_uniqueness	fwd_seq	fwd_len	fwd_tm	fwd_gc	rev_seq	rev_len	rev_tm	rev_gc	probe_seq	probe_len	probe_tm	probe_gc	amplicon_size	primer3_penalty	passed_constraints	constraint_notes	blast_fwd_specific	blast_rev_specific	blast_probe_specific	blast_overall_pass
0	NC_028632.1	1200	1700	1.0	AAGCTGTCTTCCTCCACGTG	20	59.97	55.0	AAGGCGAAGATCGGTAGCTG	20	59.9	55.0	ACGCTCTGTCAAGCTTGCGCTCATTGCA	28	65.12	53.6	148	0.1373	True		True	True	True	True
1	NC_028632.1	1200	1700	1.0	AAGCTGTCTTCCTCCACGTG	20	59.97	55.0	GAAGATCGGTAGCTGCCCTG	20	60.25	60.0	ACGCTCTGTCAAGCTTGCGCTCATTGCA	28	65.12	53.6	143	0.2837	True		True	True	True	True
2	NC_028632.1	1200	1700	1.0	GTCTTCCTCCACGTGACGAC	20	60.39	60.0	AAGGCGAAGATCGGTAGCTG	20	59.9	55.0	GCAGAATATTCCCCACTGCAGCCTCCCGT	29	65.38	58.6	143	0.4902	True		N/A	N/A	N/A	None
0	NC_028632.1	0	500	1.0	TTTATCCAGCCGCACCTTCC	20	60.39	55.0	TAATCGCCGGTCAGCCTTAC	20	59.9	55.0	TCCCATGGTGTGACGGGCGGTGTGT	25	65.96	64.0	174	0.4974	True		N/A	N/A	N/A	None
1	NC_028632.1	0	500	1.0	TTTATCCAGCCGCACCTTCC	20	60.39	55.0	GTAATCGCCGGTCAGCCTTA	20	59.9	55.0	TCCCATGGTGTGACGGGCGGTGTGT	25	65.96	64.0	175	0.4974	True		N/A	N/A	N/A	None
4	NC_028632.1	1200	1700	1.0	AAGCTGTCTTCCTCCACGTG	20	59.97	55.0	GAGGCTGCAGTGGGGAATAT	20	59.52	55.0	ACGCTCTGTCAAGCTTGCGCTCATTGCA	28	65.12	53.6	73	0.51	True		N/A	N/A	N/A	None
2	NC_028632.1	0	500	1.0	AATTCCCATGGTGTGACGGG	20	60.32	55.0	ATCGCTAGTAATCGCCGGTC	20	59.76	55.0	ACAAGGCCCGATGACTTATTCACCGCCGT	29	65.29	55.2	83	0.5638	True		N/A	N/A	N/A	None
0	NC_028632.1	300	800	1.0	AATTCCCATGGTGTGACGGG	20	60.32	55.0	ATCGCTAGTAATCGCCGGTC	20	59.76	55.0	ACAAGGCCCGATGACTTATTCACCGCCGT	29	65.29	55.2	83	0.5638	True		N/A	N/A	N/A	None
3	NC_028632.1	0	500	1.0	TTTATCCAGCCGCACCTTCC	20	60.39	55.0	ATCGCTAGTAATCGCCGGTC	20	59.76	55.0	TCCCATGGTGTGACGGGCGGTGTGT	25	65.96	64.0	182	0.6342	True		N/A	N/A	N/A	None
4	NC_028632.1	0	500	1.0	CGCACCTTCCAGTACAGCTA	20	59.47	55.0	TAATCGCCGGTCAGCCTTAC	20	59.9	55.0	TCCCATGGTGTGACGGGCGGTGTGT	25	65.96	64.0	164	0.6343	True		N/A	N/A	N/A	None
3	NC_028632.1	300	800	1.0	AATTCCCATGGTGTGACGGG	20	60.32	55.0	AATCGCTAGTAATCGCCGGT	20	59.33	50.0	ACAAGGCCCGATGACTTATTCACCGCCGT	29	65.29	55.2	84	0.9957	True		N/A	N/A	N/A	None
0	NC_028632.1	900	1400	1.0	GCTTTACGCCCAGTAATTCCG	21	59.67	52.4	CACGTGGAGGAAGACAGCTT	20	59.97	55.0	CCCCGTTTTACCGCGGCTGCTGGCA	25	67.64	68.0	154	1.3637	True		N/A	N/A	N/A	None
1	NC_028632.1	900	1400	1.0	CGCTTTACGCCCAGTAATTCC	21	59.67	52.4	CACGTGGAGGAAGACAGCTT	20	59.97	55.0	CCCCGTTTTACCGCGGCTGCTGGCA	25	67.64	68.0	155	1.3637	True		N/A	N/A	N/A	None
2	NC_028632.1	900	1400	1.0	TCCGGATAACGCTTGTATCCC	21	59.66	52.4	CACGTGGAGGAAGACAGCTT	20	59.97	55.0	CCGTTTTACCGCGGCTGCTGGCACG	25	66.85	68.0	137	1.3762	True		N/A	N/A	N/A	None
3	NC_028632.1	900	1400	1.0	TTTACGCCCAGTAATTCCGGA	21	59.45	47.6	CACGTGGAGGAAGACAGCTT	20	59.97	55.0	CCCCGTTTTACCGCGGCTGCTGGCA	25	67.64	68.0	152	1.5882	True		N/A	N/A	N/A	None
4	NC_028632.1	900	1400	1.0	CCGGATAACGCTTGTATCCCC	21	60.61	57.1	CACGTGGAGGAAGACAGCTT	20	59.97	55.0	CGTTTTACCGCGGCTGCTGGCACG	24	65.41	66.7	136	1.6413	True		N/A	N/A	N/A	None
0	NC_028632.1	600	1100	1.0	CCCCGTCAATTCCTTTGAGTTT	22	59.11	45.5	TTACTGGAGCAGCACTGACG	20	60.04	55.0	ACTCTTGCGAGCGTACTACTCAGGCGGG	28	65.04	60.7	193	2.9292	True		N/A	N/A	N/A	None
1	NC_028632.1	600	1100	1.0	CCCCGTCAATTCCTTTGAGTTT	22	59.11	45.5	GCACTGACGCTGAGATACGA	20	59.9	55.0	ACTCTTGCGAGCGTACTACTCAGGCGGG	28	65.04	60.7	182	2.9898	True		N/A	N/A	N/A	None
2	NC_028632.1	600	1100	1.0	CCCCGTCAATTCCTTTGAGTTT	22	59.11	45.5	AGCACTGACGCTGAGATACG	20	59.9	55.0	ACTCTTGCGAGCGTACTACTCAGGCGGG	28	65.04	60.7	183	2.9906	True		N/A	N/A	N/A	None
4	NC_028632.1	600	1100	1.0	CCCCGTCAATTCCTTTGAGTTTC	23	60.06	47.8	GCACTGACGCTGAGATACGA	20	59.9	55.0	ACTCTTGCGAGCGTACTACTCAGGCGGG	28	65.04	60.7	182	3.1564	True		N/A	N/A	N/A	None
3	NC_028632.1	1200	1700	1.0	CTGTCTTCCTCCACGTGACG	20	60.39	60.0	AAGGCGAAGATCGGTAGCTG	20	59.9	55.0	ACGCTCTGTCAAGCTTGCGCTCATTGCA	28	65.12	53.6	145	0.4906	False	Probe Tm delta 5.0°C outside [5.0,10.0]	N/A	N/A	N/A	None
1	NC_028632.1	300	800	1.0	AATTCCCATGGTGTGACGGG	20	60.32	55.0	CTAGTAATCGCCGGTCAGCC	20	60.32	60.0	ACAAGGCCCGATGACTTATTCACCGCCGT	29	65.29	55.2	79	0.6421	False	Probe Tm delta 5.0°C outside [5.0,10.0]	N/A	N/A	N/A	None
2	NC_028632.1	300	800	1.0	AATTCCCATGGTGTGACGGG	20	60.32	55.0	CGCTAGTAATCGCCGGTCAG	20	60.66	60.0	ACAAGGCCCGATGACTTATTCACCGCCGT	29	65.29	55.2	81	0.984	False	Probe Tm delta 4.8°C outside [5.0,10.0]	N/A	N/A	N/A	None
4	NC_028632.1	300	800	1.0	AATTCCCATGGTGTGACGGG	20	60.32	55.0	TAGTAATCGCCGGTCAGCCT	20	60.75	55.0	ACAAGGCCCGATGACTTATTCACCGCCGT	29	65.29	55.2	78	1.0776	False	Probe Tm delta 4.8°C outside [5.0,10.0]	N/A	N/A	N/A	None
3	NC_028632.1	600	1100	1.0	CCCCGTCAATTCCTTTGAGTTTC	23	60.06	47.8	TTACTGGAGCAGCACTGACG	20	60.04	55.0	ACTCTTGCGAGCGTACTACTCAGGCGGG	28	65.04	60.7	193	3.0958	False	Probe Tm delta 5.0°C outside [5.0,10.0]	N/A	N/A	N/A	None
